고객사코드,굴뚝번호,굴뚝코드,굴뚝 정식 명칭,배출시설 종류,위치,굴뚝 높이(m),굴뚝 안지름(m),굴뚝 종별(종),,,,,,
CUST001,#A2011003,CUST001-#A2011003,R/F Oxide Bin B/F1,고체입자상물질 저장시설,,10.2,0.29,5,,,,,,
CUST001,#A2012006,CUST001-#A2012006,Low Silo B/F1,고체입자상물질 저장시설,,10.2,0.29,5,,,,,,
CUST001,#A2013003,CUST001-#A2013003,Silo Main Bag Filter1,고체입자상물질 저장시설,,10.2,0.29,5,,,,,,
CUST001,#A2020003,CUST001-#A2020003,S/B Calcine Bin B/F1,고체입자상물질 저장시설,,10.2,0.29,5,,,,,,
CUST001,#A2020007,CUST001-#A2020007,Silp PC 300 B/F,고체입자상물질 저장시설,,-,0.3,5,,,,,,
CUST001,#A2020009,CUST001-#A2020009,WAL Daily Bin B/F,고체입자상물질 저장시설,,-,0.34,5,,,,,,
CUST001,#A2020010,CUST001-#A2020010,High Silo B/F,고체입자상물질 저장시설,,-,0.36,5,,,,,,
CUST001,#A2020011,CUST001-#A2020011,Low Silo B/F,고체입자상물질 저장시설,,-,0.24,5,,,,,,
CUST001,#A2020012,CUST001-#A2020012,Silo Main Bag Filter,고체입자상물질 저장시설,,-,0.73,5,,,,,,
CUST001,#A2020013,CUST001-#A2020013,S/B Calcine Bin B/F,고체입자상물질 저장시설,,-,0.25,5,,,,,,
CUST001,#A2020024,CUST001-#A2020024,O/L SCR,혼합시설,,19.6,0.6,5,,,,,,
CUST001,#A2020025,CUST001-#A2020025,S/F Oxide Bin B/F (무동력),고체입자상물질 저장시설,,23.1,0.2,5,,,,,,
CUST001,#A2020026,CUST001-#A2020026,R/F Oxide Bin B/F,고체입자상물질 저장시설,,10.2,0.29,5,,,,,,
CUST001,#A2020027,CUST001-#A2020027,아연재 투입설비 Bag Filter(산화아연 Bin Bag Filter),고체입자상물질 저장시설,,-,0.22,5,,,,,,
CUST001,#A2020028,CUST001-#A2020028,Fumer HYD Bag Filter[아연재 Hopper(Befesa)],고체입자상물질 저장시설,,-,0.3,5,,,,,,
CUST001,#A2020033,CUST001-#A2020033,CH2 Oxide Bin B/F,고체입자상물질 저장시설,,-,0.25,5,,,,,,
CUST001,#A2020034,CUST001-#A2020034,Pb/Ag CH2 OXIDE LEACHING BIN B/F,고체입자상물질 저장시설,,25.2,0.29,5,,,,,,
CUST001,#A2020035,CUST001-#A2020035,M/C SHL #1 Ra',반응시설,,16.5,0.2,5,,,,,,
CUST001,#A2020036,CUST001-#A2020036,M/C SHL #2 Ra',반응시설,,16.1,0.15,5,,,,,,
CUST001,#A2020037,CUST001-#A2020037,M/C SHL #3 Ra',반응시설,,15.7,0.15,5,,,,,,
CUST001,#A2020038,CUST001-#A2020038,M/C SHL #4 Ra',반응시설,,15.3,0.25,5,,,,,,
CUST001,#A2020039,CUST001-#A2020039,M/C SHL #5 Ra',반응시설,,14.9,0.25,5,,,,,,
CUST001,#A2020040,CUST001-#A2020040,M/C SHL #6 Ra',반응시설,,14.5,0.25,5,,,,,,
CUST001,#A2020041,CUST001-#A2020041,SHL#5 Reactor,반응시설,,16.5,0.15,5,,,,,,
CUST001,#A2020042,CUST001-#A2020042,SHL#6 Reactor,반응시설,,16.1,0.15,5,,,,,,
CUST001,#A2020043,CUST001-#A2020043,SHL#7 Reactor,반응시설,,15.7,0.15,5,,,,,,
CUST001,#A2020044,CUST001-#A2020044,SHL#8 Reactor,반응시설,,15.3,0.15,5,,,,,,
CUST001,#A2020045,CUST001-#A2020045,SHL#9 Reactor,반응시설,,14.9,0.15,5,,,,,,
CUST001,#A2020046,CUST001-#A2020046,SHL#10 Reactor,반응시설,,14.5,0.15,5,,,,,,
CUST001,#A2020047,CUST001-#A2020047,SHL#11 Reactor,반응시설,,16.5,0.15,5,,,,,,
CUST001,#A2020048,CUST001-#A2020048,SHL#12 Reactor,반응시설,,16.1,0.15,5,,,,,,
CUST001,#A2020049,CUST001-#A2020049,SHL#13 Reactor,반응시설,,15.7,0.15,5,,,,,,
CUST001,#A2020050,CUST001-#A2020050,SHL#14 Reactor,반응시설,,15.3,0.15,5,,,,,,
CUST001,#A2020051,CUST001-#A2020051,SHL #2 Thick'r,농축시설,,12.3,0.45,5,,,,,,
CUST001,#A2020052,CUST001-#A2020052,Final #1 Ra',반응시설,,15.8,0.45,5,,,,,,
CUST001,#A2020053,CUST001-#A2020053,Final #2 Ra',반응시설,,16,0.45,5,,,,,,
CUST001,#A2020054,CUST001-#A2020054,Final #3 Ra',반응시설,,15.9,0.45,5,,,,,,
CUST001,#A2020055,CUST001-#A2020055,Final #4 Ra',반응시설,,15.4,0.45,5,,,,,,
CUST001,#A2020056,CUST001-#A2020056,Final #5 Ra',반응시설,,-,0.55,5,,,,,,
CUST001,#A2020057,CUST001-#A2020057,Final #6 Ra',반응시설,,-,0.55,5,,,,,,
CUST001,#A2020058,CUST001-#A2020058,SHL O/F V/S,유무기산저장시설,,9.9,0.2,5,,,,,,
CUST001,#A2020059,CUST001-#A2020059,#1 RED Pulping Tank,혼합시설,,14.2,0.3,5,,,,,,
CUST001,#A2020060,CUST001-#A2020060,#2 RED Pulping Tank,혼합시설,,14.2,0.3,5,,,,,,
CUST001,#A2020061,CUST001-#A2020061,#3 RED Pulping Tank,혼합시설,,24,0.5,5,,,,,,
CUST001,#A2020062,CUST001-#A2020062,Reduction #1 Reactor (구명칭: HL #1 Ra'),반응시설,,15.5,0.15,5,,,,,,
CUST001,#A2020063,CUST001-#A2020063,Reduction #2 Reactor (구명칭: HL #2 Ra'),반응시설,,15.5,0.15,5,,,,,,
CUST001,#A2020064,CUST001-#A2020064,Reduction #3 Reactor (구명칭:HL #3 Ra'),반응시설,,-,0.15,5,,,,,,
CUST001,#A2020065,CUST001-#A2020065,Reduction #4 Reactor (구명칭:HL #4 Ra'),반응시설,,-,0.15,5,,,,,,
CUST001,#A2020066,CUST001-#A2020066,Reduction #5 Reactor (구명칭:HL #5 Ra'),반응시설,,14.7,0.15,5,,,,,,
CUST001,#A2020067,CUST001-#A2020067,Reduction #6 Reactor (구명칭:HL #6 Ra'),반응시설,,14.7,0.15,5,,,,,,
CUST001,#A2020068,CUST001-#A2020068,Reduction #7 Reactor (구명칭:Reduction #1 Reactor (Red/HL)),반응시설,,14.3,0.15,5,,,,,,
CUST001,#A2020069,CUST001-#A2020069,Reduction #8 Reactor (구명칭:Reduction #2 Reactor (Red/HL)),반응시설,,14.3,0.15,5,,,,,,
CUST001,#A2020070,CUST001-#A2020070,Reduction #9 Reactor (구명칭:Reduction #3 Reactor (Red/HL)),반응시설,,13.9,0.15,5,,,,,,
CUST001,#A2020071,CUST001-#A2020071,Reduction #10 Reactor (구명칭:Reduction #4 Reactor (Red/HL)),반응시설,,13.9,0.15,5,,,,,,
CUST001,#A2020072,CUST001-#A2020072,RED#1 Thickener,농축시설,,11.7,0.55,5,,,,,,
CUST001,#A2020073,CUST001-#A2020073,RED#2 Thickener,농축시설,,12.3,0.55,5,,,,,,
CUST001,#A2020074,CUST001-#A2020074,RED#3 Thickener,농축시설,,-,0.54,5,,,,,,
CUST001,#A2020075,CUST001-#A2020075,조액1 WAL Cushion Pulping Tank,혼합시설,,-,0.28,5,,,,,,
CUST001,#A2020076,CUST001-#A2020076,#1 Calcine Leaching Tank,혼합시설,,10.6,0.4,5,,,,,,
CUST001,#A2020077,CUST001-#A2020077,#2 Calcine Leaching Tank,혼합시설,,10.6,0.3,5,,,,,,
CUST001,#A2020078,CUST001-#A2020078,WAL #1-1 Ra',반응시설,,17.9,0.55,5,,,,,,
CUST001,#A2020079,CUST001-#A2020079,WAL #1-2 Ra',반응시설,,17.1,0.37,5,,,,,,
CUST001,#A2020080,CUST001-#A2020080,WAL #1-3 Ra',반응시설,,-,0.39,5,,,,,,
CUST001,#A2020081,CUST001-#A2020081,WAL #1-4 Ra',반응시설,,17.2,0.3,5,,,,,,
CUST001,#A2020082,CUST001-#A2020082,WAL #1-5 Ra',반응시설,,17,0.3,5,,,,,,
CUST001,#A2020083,CUST001-#A2020083,WAL #2-1 Ra',반응시설,,19.6,0.5,5,,,,,,
CUST001,#A2020084,CUST001-#A2020084,WAL #2-2 Ra',반응시설,,-,-,5,,,,,,
CUST001,#A2020085,CUST001-#A2020085,WAL #2-3 Ra',반응시설,,-,0.45,5,,,,,,
CUST001,#A2020086,CUST001-#A2020086,WAL #2-4 Ra',반응시설,,16.8,0.27,5,,,,,,
CUST001,#A2020087,CUST001-#A2020087,WAL #2-5 Ra',반응시설,,17,0.27,5,,,,,,
CUST001,#A2020088,CUST001-#A2020088,WAL #3-1 Ra',반응시설,,19.9,0.5,5,,,,,,
CUST001,#A2020089,CUST001-#A2020089,WAL #3-2 Ra',반응시설,,18.7,0.55,5,,,,,,
CUST001,#A2020090,CUST001-#A2020090,WAL #3-3 Ra',반응시설,,-,0.55,5,,,,,,
CUST001,#A2020091,CUST001-#A2020091,WAL #3-4 Ra',반응시설,,18.7,0.55,5,,,,,,
CUST001,#A2020092,CUST001-#A2020092,WAL #3-5 Ra',반응시설,,19,0.55,5,,,,,,
CUST001,#A2020093,CUST001-#A2020093,WAL#2 Thickener,농축시설,,-,0.41,5,,,,,,
CUST001,#A2020094,CUST001-#A2020094,WAL#4 Thick'r,농축시설,,11.5,0.43,5,,,,,,
CUST001,#A2020095,CUST001-#A2020095,WAL#4 Thick'r,농축시설,,11.5,0.41,5,,,,,,
CUST001,#A2020139,CUST001-#A2020139,NL#1-1 Ra',반응시설,,17.7,0.55,5,,,,,,
CUST001,#A2020140,CUST001-#A2020140,NL#1-2 Ra',반응시설,,17.4,0.55,5,,,,,,
CUST001,#A2020141,CUST001-#A2020141,NL#1-3 Ra',반응시설,,17.1,0.55,5,,,,,,
CUST001,#A2020142,CUST001-#A2020142,NL#1-4 Ra',반응시설,,22.6,0.25,5,,,,,,
CUST001,#A2020143,CUST001-#A2020143,NL#1-5 Ra',반응시설,,20.6,0.2,5,,,,,,
CUST001,#A2020144,CUST001-#A2020144,NL#2-1 Ra',반응시설,,-,0.55,5,,,,,,
CUST001,#A2020145,CUST001-#A2020145,NL#2-2 Ra',반응시설,,-,0.7,5,,,,,,
CUST001,#A2020146,CUST001-#A2020146,NL#2-2 Ra',반응시설,,-,0.7,5,,,,,,
CUST001,#A2020147,CUST001-#A2020147,NL#2-3 Ra',반응시설,,17.5,0.55,5,,,,,,
CUST001,#A2020148,CUST001-#A2020148,NL#2-4 Ra',반응시설,,17.3,0.55,5,,,,,,
CUST001,#A2020149,CUST001-#A2020149,NL #3-1 Ra',반응시설,,18.9,0.55,5,,,,,,
CUST001,#A2020150,CUST001-#A2020150,NL #3-2 Ra',반응시설,,22.2,0.55,5,,,,,,
CUST001,#A2020151,CUST001-#A2020151,NL #3-3 Ra',반응시설,,-,0.56,5,,,,,,
CUST001,#A2020152,CUST001-#A2020152,NL #3-4 Ra',반응시설,,21.2,0.3,5,,,,,,
CUST001,#A2020164,CUST001-#A2020164,Final U/F Cushion Tank,유무기산저장시설,,-,0.17,5,,,,,,
CUST001,#A2020165,CUST001-#A2020165,#1 Pb/Ag F/P Feeding Tank(1공장),유무기산저장시설,,-,0.26,5,,,,,,
CUST001,#A2020166,CUST001-#A2020166,#2 Pb/Ag F/P Feeding Tank(1공장),유무기산저장시설,,15,0.26,5,,,,,,
CUST001,#A2020167,CUST001-#A2020167,Pb/Ag 여액 Tank(2단지),유무기산저장시설,,10.2,0.19,5,,,,,,
CUST001,#A2020168,CUST001-#A2020168,#2 Filtrate Tank,유무기산저장시설,,-,0.17,5,,,,,,
CUST001,#A2020169,CUST001-#A2020169,Pre-LH Pulping T/K,혼합시설,,14.3,0.35,5,,,,,,
CUST001,#A2020170,CUST001-#A2020170,"#1,3,5 Pre-Leacihng Reactor",반응시설,,14.2,0.3,5,,,,,,
CUST001,#A2020171,CUST001-#A2020171,"#2,4,6 Pre-Leacihng Reactor",반응시설,,14.2,0.3,5,,,,,,
CUST001,#A2020182,CUST001-#A2020182,조액1 #3 Feeding Tank,유무기산저장시설,,14,0.3,5,,,,,,
CUST001,#A2020183,CUST001-#A2020183,조액1 #4 Feeding Tank,유무기산저장시설,,14,0.26,5,,,,,,
CUST001,#A2020184,CUST001-#A2020184,M/C F/P 여액 #4 Tank,유무기산저장시설,,-,0.25,5,,,,,,
CUST001,#A2020185,CUST001-#A2020185,Pre-LH 여액 Tank,유무기산저장시설,,10.1,0.35,5,,,,,,
CUST001,#A2020207,CUST001-#A2020207,연용해 Zn F/P Pulping Tank ,혼합시설,,19,0.2,5,,,,,,
CUST001,#A2020208,CUST001-#A2020208,중화 Thickener,농축시설,,16,0.5,5,,,,,,
CUST001,#A2020209,CUST001-#A2020209,연용해 #2 Decomp 중화 Thickener,농축시설,,-,0.5,5,,,,,,
CUST001,#A2020210,CUST001-#A2020210,PbSO4 HL #1 Ra',반응시설,,19.5,0.45,5,,,,,#A2020246,#N/A
CUST001,#A2020211,CUST001-#A2020211,PbSO4 HL #2 Ra',반응시설,,19.2,0.5,5,,,,,,
CUST001,#A2020212,CUST001-#A2020212,SHL#15 Reactor,반응시설,,14.9,0.15,5,,,,,,
CUST001,#A2020213,CUST001-#A2020213,SHL#16 Ra',반응시설,,14.5,0.15,5,,,,,,
CUST001,#A2020214,CUST001-#A2020214,중화 HL Reactor #1,반응시설,,11.1,0.18,5,,,,,,
CUST001,#A2020215,CUST001-#A2020215,중화 HL Reactor #2,반응시설,,11.1,0.15,5,,,,,,
CUST001,#A2020216,CUST001-#A2020216,100ch Feed tank ,유무기산저장시설,,-,0.2,5,,,,,,
CUST001,#A2020218,CUST001-#A2020218,NT #1 Reactor,반응시설,,-,0.31,5,,,,,,
CUST001,#A2020219,CUST001-#A2020219,NT #1 Reactor,반응시설,,-,0.42,5,,,,,,
CUST001,#A2020220,CUST001-#A2020220,NT #2 Reactor,반응시설,,-,0.32,5,,,,,,
CUST001,#A2020222,CUST001-#A2020222,Fumer HYD 아연재 #1 Pulping Tank,혼합시설,,11.5,0.2,5,,,,,,
CUST001,#A2020223,CUST001-#A2020223,Fumer HYD 아연재 #2 Pulping Tank,혼합시설,,12,0.24,5,,,,,,
CUST001,#A2020224,CUST001-#A2020224,#1-1 Fumer HYD Reactor ,반응시설,,20.5,0.25,5,,,,,,
CUST001,#A2020225,CUST001-#A2020225,#1-2 Fumer HYD Reactor ,반응시설,,20,0.23,5,,,,,,
CUST001,#A2020226,CUST001-#A2020226,#1-3 Fumer HYD Reactor,반응시설,,19.5,0.21,5,,,,,,
CUST001,#A2020227,CUST001-#A2020227,M/C F/P Pulping T/K #1,유무기산저장시설,,17.2,0.26,5,,,,,,
CUST001,#A2020228,CUST001-#A2020228,M/C F/P Pulping T/K #2,유무기산저장시설,,17.2,0.3,5,,,,,,
CUST001,#A2020229,CUST001-#A2020229,M/C F/P 여액 #1 Tank,유무기산저장시설,,17.3,0.25,5,,,,,,
CUST001,#A2020230,CUST001-#A2020230,M/C F/P 여액 #2 Tank,유무기산저장시설,,17.3,0.25,5,,,,,,
CUST001,#A2020231,CUST001-#A2020231,#2-1 Fumer HYD Reactor,반응시설,,20.5,0.24,5,,,,,,
CUST001,#A2020232,CUST001-#A2020232,#2-2 Fumer HYD Reactor,반응시설,,20,0.22,5,,,,,,
CUST001,#A2020233,CUST001-#A2020233,#2-3 Fumer HYD Reactor,반응시설,,19.5,0.22,5,,,,,,
CUST001,#A2020234,CUST001-#A2020234,Pre-NL#1 Ra',반응시설,,18,0.53,5,,,,,,
CUST001,#A2020235,CUST001-#A2020235,Pre-NL#2 Ra',반응시설,,-,0.37,5,,,,,,
CUST001,#A2020236,CUST001-#A2020236,Pre-NL#3 Ra',반응시설,,28.6,0.5,5,,,,,,
CUST001,#A2020237,CUST001-#A2020237,Pre-NL#4,반응시설,,18.9,0.32,5,,,,,,
CUST001,#A2020238,CUST001-#A2020238,Pre-NL#5,반응시설,,19,0.32,5,,,,,,
CUST001,#A2020246,CUST001-#A2020246,Final #7 Ra',유무기산저장시설,,22,0.5,5,,,,,,
CUST001,#A2020247,CUST001-#A2020247,Final #7 Ra',유무기산저장시설,,22,0.5,5,,,,,,
CUST001,#A2020249,CUST001-#A2020249,#1 Pulping Tank 운휴,혼합시설,,-,0.23,5,,,,,,
CUST001,#A2020250,CUST001-#A2020250,#2 Pulping Tank 운휴,혼합시설,,-,0.2,5,,,,,,
CUST001,#A2020251,CUST001-#A2020251,CH2 Reactor (200m3),반응시설,,10.5,0.25,5,,,,,,
CUST001,#A2020252,CUST001-#A2020252,CH2 산세 CH2 Filtrate Tank ,유무기산저장시설,,5.5,0.25,5,,,,,,
CUST001,#A2020253,CUST001-#A2020253,CH2 주수 Tank,유무기산저장시설,,14.2,0.32,5,,,,,,
CUST001,#A2020260,CUST001-#A2020260,OF5 A/W 68CH Feeding Tank ,유무기산저장시설,,-,0.22,5,,,,,,
CUST001,#A2020264,CUST001-#A2020264,#8 미액 Tank,유무기산저장시설,,17.3,0.14,5,,,,,,
CUST001,#A2020265,CUST001-#A2020265,#9 미액 Tank,유무기산저장시설,,17.3,0.14,5,,,,,,
CUST001,#A2020266,CUST001-#A2020266,#10 미액 Tank,유무기산저장시설,,27.6,0.56,5,,,,,,
CUST001,#A2020267,CUST001-#A2020267,SHL #1 Thick'r,농축시설,,12.6,0.43,5,,,,,,
CUST001,#A2020268,CUST001-#A2020268,SHL #1 Thick'r,농축시설,,12.5,0.4,5,,,,,,
CUST001,#A2020269,CUST001-#A2020269,Final Thick'r O/F V/S,유무기산저장시설,,9.8,0.15,5,,,,,,
CUST001,#A2020270,CUST001-#A2020270,F/L Thickener O/F Tank #2,유무기산저장시설,,9.7,0.14,5,,,,,,
CUST001,#A2020271,CUST001-#A2020271,SHL Thickener O/F Tank,유무기산저장시설,,-,0.2,5,,,,,,
CUST001,#A2020272,CUST001-#A2020272,RED#4 Thickener,농축시설,,12.4,0.42,5,,,,,,
CUST001,#A2020273,CUST001-#A2020273,RED#4 Thickener,농축시설,,12.4,0.41,5,,,,,,
CUST001,#A2020274,CUST001-#A2020274,RED THICKENER O/F #1 Vessel,유무기산저장시설,,8.5,0.12,5,,,,,,
CUST001,#A2020275,CUST001-#A2020275,RED THICKENER O/F #2 Vessel,유무기산저장시설,,11.3,0.13,5,,,,,,
CUST001,#A2020276,CUST001-#A2020276,WAL O/F #1 Vessel,유무기산저장시설,,9,0.14,5,,,,,,
CUST001,#A2020277,CUST001-#A2020277,WAL O/F #2 Vessel,유무기산저장시설,,9,0.14,5,,,,,,
CUST001,#A2020281,CUST001-#A2020281,NL #1 Mixing Tank,혼합시설,,7,0.14,5,,,,,,
CUST001,#A2020282,CUST001-#A2020282,NL #2 Mixing Tank,혼합시설,,15.4,0.14,5,,,,,,
CUST001,#A2020283,CUST001-#A2020283,NL #3 Mixing Tank,혼합시설,,9.2,0.14,5,,,,,,
CUST001,#A2020286,CUST001-#A2020286,#2 NL O/F Vessel,유무기산저장시설,,-,-,5,,,,,,
CUST001,#A2020287,CUST001-#A2020287,중성액조 #1 Tank,유무기산저장시설,,6.7,0.14,5,,,,,,
CUST001,#A2020288,CUST001-#A2020288,중성액조 #2 Tank,유무기산저장시설,,6.7,0.14,5,,,,,,
CUST001,#A2020289,CUST001-#A2020289,중성액조 #3,유무기산저장시설,,6.7,0.11,5,,,,,,
CUST001,#A2020290,CUST001-#A2020290,Mn Thickener Overflow Vessel,유무기산저장시설,,-,0.15,5,,,,,,
CUST001,#A2020291,CUST001-#A2020291,#3 Feed Tank(300m3),유무기산저장시설,,-,0.25,5,,,,,,
CUST001,#A2020302,CUST001-#A2020302,A/W Thickener,농축시설,,12.4,0.45,5,,,,,,
CUST001,#A2020304,CUST001-#A2020304,연용해 A/W THICKENER O/F Vessel,농축시설,,7.4,0.14,5,,,,,#A2040004,#N/A
CUST001,#A2020305,CUST001-#A2020305,연용해 A/W Thickener U/F Vessel,유무기산저장시설,,9.7,0.14,5,,,,,,
CUST001,#A2020306,CUST001-#A2020306,연용해 A/W 여액 Tank ,유무기산저장시설,,9.7,0.14,5,,,,,,
CUST001,#A2020307,CUST001-#A2020307,연용해 주수 Feed Tank ,유무기산저장시설,,7.9,0.15,5,,,,,,
CUST001,#A2020308,CUST001-#A2020308,연용해 Zn F/P 여액 Tank ,유무기산저장시설,,7.5,0.14,5,,,,,,
CUST001,#A2020310,CUST001-#A2020310,연용해 PbSO4 Pulping Tank ,혼합시설,,-,0.16,5,,,,,,
CUST001,#A2020311,CUST001-#A2020311,연용해 74CH F/P 여액 Tank ,유무기산저장시설,,8.6,0.12,5,,,,,,
CUST001,#A2020312,CUST001-#A2020312,연용해 #2 100CH F/P #1 여액 Tank ,유무기산저장시설,,11.3,0.14,5,,,,,,
CUST001,#A2020313,CUST001-#A2020313,연용해 #2 100CH F/P #2 여액 Tank ,유무기산저장시설,,-,0.14,5,,,,,,
CUST001,#A2020314,CUST001-#A2020314,연용해 Decomp 중화 #1 Thckener Over Flow Vessel ,유무기산저장시설,,-,0.15,5,,,,,,
CUST001,#A2020315,CUST001-#A2020315,연용해 NT Holding Tank ,유무기산저장시설,,-,0.15,5,,,,,,
CUST001,#A2020316,CUST001-#A2020316,연용해 NT #1 Thickener OverFlow Vessel ,유무기산저장시설,,9.9,0.15,5,,,,,,
CUST001,#A2020317,CUST001-#A2020317,연용해 NT #2 Thickener OverFlow Vessel ,유무기산저장시설,,-,-,5,,,,,,
CUST001,#A2020318,CUST001-#A2020318,아연액 TANK,유무기산저장시설,,8.3,0.14,5,,,,,,
CUST001,#A2020319,CUST001-#A2020319,연용해 산화아연 Pulping Tank,혼합시설,,-,0.14,5,,,,,,
CUST001,#A2020320,CUST001-#A2020320,연용해 Zinc-OX Holding #1 Tank,유무기산저장시설,,-,0.15,5,,,,,,
CUST001,#A2020321,CUST001-#A2020321,연용해 NT Feeding Tank ,유무기산저장시설,,-,0.34,5,,,,,,
CUST001,#A2020322,CUST001-#A2020322,Zinc ox slurry tank ,유무기산저장시설,,7.4,0.15,5,,,,,,
CUST001,#A2020323,CUST001-#A2020323,연용해 In Pond수 Tank ,유무기산저장시설,,7.7,0.14,5,,,,,,
CUST001,#A2020324,CUST001-#A2020324,In HL cake Repulp Tank,혼합시설,,-,0.15,5,,,,,,
CUST001,#A2020325,CUST001-#A2020325,연용해 In HL Filtrate Tank ,유무기산저장시설,,-,0.25,5,,,,,,
CUST001,#A2020326,CUST001-#A2020326,SPENT TANK,유무기산저장시설,,11.6,0.15,5,,,,,,
CUST001,#A2020327,CUST001-#A2020327,연용해 Pond Cushion Tank ,유무기산저장시설,,13.6,0.14,5,,,,,,
CUST001,#A2020328,CUST001-#A2020328,Fumer HYD Fumer HYD #1 Thickener O/F Tank ,유무기산저장시설,,-,0.15,5,,,,,,
CUST001,#A2020329,CUST001-#A2020329,Fumer HYD Fumer HYD #2 Thickener O/F Tank ,유무기산저장시설,,-,0.14,5,,,,,,
CUST001,#A2020330,CUST001-#A2020330,BZK Akali Washing 80CH Repulping Tank,혼합시설,,14.9,0.2,5,,,,,,
CUST001,#A2020333,CUST001-#A2020333,CH2 산세 OverflowVessel for Oxide Thickener ,유무기산저장시설,,9,0.14,5,,,,,,
CUST001,#A2020336,CUST001-#A2020336,OF5 A/W 68CH Comp. Tank,유무기산저장시설,,6.2,0.14,5,,,,,,
CUST001,#A2020337,CUST001-#A2020337,OF5 A/W 68CH Launder Tank,유무기산저장시설,,3.9,0.14,5,,,,,,
CUST001,#A2020338,CUST001-#A2020338,OF5 A/W 68CH 여액 Tank ,유무기산저장시설,,5.6,0.14,5,,,,,,
CUST001,#A2020347,CUST001-#A2020347,Final Thick'r,농축시설,,11.6,0.44,5,,,,,,
CUST001,#A2020348,CUST001-#A2020348,Final Thick'r,농축시설,,11.5,0.45,5,,,,,,
CUST001,#A2020349,CUST001-#A2020349,Foam Vessel,유무기산저장시설,,-,-,5,,,,,,
CUST001,#A2020350,CUST001-#A2020350,WAL#1 Thickener,농축시설,,-,-,5,,,,,,
CUST001,#A2020351,CUST001-#A2020351,WAL#1 Thickener,농축시설,,-,-,5,,,,,,
CUST001,#A2020352,CUST001-#A2020352,"
WAL #3 Thickener
",농축시설,,12.6,0.45,5,,,,,,
CUST001,#A2020353,CUST001-#A2020353,"
WAL #3 Thickener
",농축시설,,12.6,0.45,5,,,,,,
CUST001,#A2020354,CUST001-#A2020354,WAL Cushion Tank,유무기산저장시설,,-,-,5,,,,,,
CUST001,#A2020367,CUST001-#A2020367,NL#1 Thickener,농축시설,,-,-,5,,,,,,
CUST001,#A2020368,CUST001-#A2020368,NL#1 Thickener,농축시설,,-,-,5,,,,,,
CUST001,#A2020369,CUST001-#A2020369,NL#2 Thickener,농축시설,,-,-,5,,,,,,
CUST001,#A2020370,CUST001-#A2020370,NL#2 Thickener,농축시설,,-,-,5,,,,,,
CUST001,#A2020371,CUST001-#A2020371,NL#3 Thickener,농축시설,,-,-,5,,,,,,
CUST001,#A2020372,CUST001-#A2020372,NL#3 Thickener,농축시설,,-,-,5,,,,,,
CUST001,#A2020373,CUST001-#A2020373,NL#4 Thick'r,농축시설,,-,-,5,,,,,,
CUST001,#A2020374,CUST001-#A2020374,NL#4 Thick'r,농축시설,,-,-,5,,,,,,
CUST001,#A2020377,CUST001-#A2020377,Mn Thickener,농축시설,,15.3,0.5,5,,,,,,
CUST001,#A2020378,CUST001-#A2020378,Mn Thickener,농축시설,,15.3,0.5,5,,,,,,
CUST001,#A2020391,CUST001-#A2020391,NT #1 Thickener,농축시설,,10.4,0.45,5,,,,,,
CUST001,#A2020392,CUST001-#A2020392,NT #1 Thickener,농축시설,,11,0.46,5,,,,,,
CUST001,#A2020393,CUST001-#A2020393,NT #2 Thickener,농축시설,,10.7,0.46,5,,,,,,
CUST001,#A2020394,CUST001-#A2020394,NT #2 Thickener,농축시설,,-,-,5,,,,,,
CUST001,#A2020395,CUST001-#A2020395,Fumer HYD #1 Thickener,농축시설,,-,-,5,,,,,,
CUST001,#A2020396,CUST001-#A2020396,Fumer HYD #1 Thickener,농축시설,,-,-,5,,,,,,
CUST001,#A2020397,CUST001-#A2020397,Fumer-HYD #2 Thick'r,농축시설,,-,-,5,,,,,,
CUST001,#A2020398,CUST001-#A2020398,Fumer-HYD #2 Thick'r,농축시설,,-,-,5,,,,,,
CUST001,#A2020401,CUST001-#A2020401,CH2 Thickener (650m3),농축시설,,-,-,5,,,,,,
CUST001,#A2020402,CUST001-#A2020402,CH2 Thickener (650m3),농축시설,,-,-,5,,,,,,
CUST001,#A2040004,CUST001-#A2040004,CH2 Thickener (650m3),농축시설,,-,-,5,,,,,,
CUST001,#A2110101,CUST001-#A2110101,EC SCR,황산제조시설,,12.7,0.85,5,,,,,,
CUST001,#A2110102,CUST001-#A2110102,"EC SCR(16, 17 LINE)",황산제조시설,,13.2,0.62,5,,,,,,
CUST001,#A2110201,CUST001-#A2110201,Indium SCR,반응시설,,12.3,0.87,5,,,,,,
CUST001,#A2110202,CUST001-#A2110202,Indium 이동식 Bag Filter,그 밖의 시설,,3.6,0.2,5,,,,,,
CUST001,#A3011001,CUST001-#A3011001,Ca(OH)2 Silo Bag Filter,고체입자상물질 저장시설,,16.3,0.1,5,,,,,,
CUST001,#A3011002,CUST001-#A3011002,CaCO3 Silo Bag Filter,고체입자상물질 저장시설,,16.1,0.1,5,,,,,,
CUST001,#A3011003,CUST001-#A3011003,정수 #3 Scrubber (24m³/hr),반응시설,,19.2,0.54,5,,,,,,
CUST001,#A3011004,CUST001-#A3011004,정수 #4 Scrubber (100m³/hr),반응시설,,20.5,0.94,5,,,,,,
CUST001,#A3011005,CUST001-#A3011005,정수 #5 Scrubber,반응시설,,20.6,0.95,5,,,,,,
CUST001,#A3011006,CUST001-#A3011006,정수 #6 Scrubber,정제시설,,2.1,0.91,5,,,,,,
CUST001,C-ST01001,CUST001-C-ST01001,언로더-하역기 여과집진시설,비산먼지 발생시설,,20,1.2,5,,,,,,
CUST001,C-ST01002,CUST001-C-ST01002,Moving Hopper 여과집진시설,비산먼지 발생시설,,15,1.2,5,,,,,,
CUST001,C-ZL00006,CUST001-C-ZL00006,Pre Leaching Bin Bag Filter,비산먼지 발생시설,,-,0.65,5,,,,,,
